Current Date: 27-??-2018,,,,,,,
Instrument Serial Number: 6735146202,,,,,,,
Software Name: InCyte,,,,,,,
Version Number: 3.1,,,,,,,
,,,,,,,
,,,,,,,
  Well ,  Sample ID ,  Date , R2.Percent.UL Percent for R2 gated by P01.R1  (%) , R2.Percent.UR Percent for R2 gated by P01.R1  (%) , R2.Percent.LL Percent for R2 gated by P01.R1  (%) , R2.Percent.LR Percent for R2 gated by P01.R1  (%) , R3.Percent Percent for R3 gated by P01.R1  (%) 
 G10,shCtrl-1, 07.27.2018,89.68,3.95,5.96,0.41,4.38
 G11,shCtrl-2, 07.27.2018,89.78,3.97,5.92,0.33,4.3
 G12,shCtrl-3, 07.27.2018,90.14,3.84,5.65,0.37,4.21
 H09,shZNF280A-1, 07.27.2018,80.57,9.4,9.51,0.52,9.97
 H10,shZNF280A-2, 07.27.2018,80.61,9.15,9.55,0.69,9.86
 H11,shZNF280A-3, 07.27.2018,80.92,9.4,9,0.68,10.11
